-- phpMyAdmin SQL Dump
-- version 4.2.7.1
-- http://www.phpmyadmin.net
--
-- Host: localhost
-- Generation Time: Mar 30, 2015 at 12:59 PM
-- Server version: 5.6.20
-- PHP Version: 5.5.15

SET SQL_MODE = "NO_AUTO_VALUE_ON_ZERO";
SET time_zone = "+00:00";


/*!40101 SET @OLD_CHARACTER_SET_CLIENT=@@CHARACTER_SET_CLIENT */;
/*!40101 SET @OLD_CHARACTER_SET_RESULTS=@@CHARACTER_SET_RESULTS */;
/*!40101 SET @OLD_COLLATION_CONNECTION=@@COLLATION_CONNECTION */;
/*!40101 SET NAMES utf8 */;

--
-- Database: `caf_assignment1`
--

--
-- Dumping data for table `chObject`
--

INSERT INTO `chObject` (`id`, `title`, `date`, `medium`, `creditline`, `description`, `gallery_text`) VALUES
('68268301', 'Textile (Netherlands), 2011', '2011', 'Medium: 100% cotton\nTechnique: wax-resist printed on plain weave', 'Gift of Vlisco', 'Women''s high-heeled shoes. Printed in indigo, emerald green, lime green, and yellow on a white ground.', NULL),
('68268305', 'Textile (Netherlands), 1955', '1955', 'Medium: 100% cotton\nTechnique: wax-resist printed on plain weave', 'Gift of Vlisco', 'Pairs of slippers on a lattice background or one speckled with small hooked lines. Printed in indigo, yellow and orange on a white ground.', NULL),
('68268307', 'Textile, Telephone, 2004', '2004', 'Medium: 100% cotton\nTechnique: wax-resist printed on plain weave', 'Gift of Vlisco', 'Lightbulbs and electrical outlets on a speckled ground. Printed in indigo and orange on a dyed yellow ground.', NULL),
('68268309', 'Textile, Reflet de Lumière collection, August 2010, 2010', '2010', 'Medium: 100% cotton\nTechnique: wax-resist printed on plain weave', 'Gift of Vlisco', 'Curving disks filled with concentric circles on a background of small dots. Printed in indigo and red on a white ground.', NULL),
('68268311', 'Textile (Netherlands), 2008', '2008', 'Medium: 100% cotton\nTechnique: wax-resist printed on plain weave', 'Gift of Vlisco', 'Overall pattern of large-scale knitting. Printed in indigo and acid yellow on a white ground.', NULL),
('68268313', 'Textile, Network, 1982', '1982', 'Medium: 100% cotton\nTechnique: wax-resist printed on plain weave', 'Gift of Vlisco', 'Large circles filled with off-center concentric rings on a woodgrain background. Printed in olive green, red and hot pink on an off-white ground.', NULL),
('68268315', 'Textile, Sparkling Grace Collection, May 2010, 2009', '2009', 'Medium: 100% cotton\nTechnique: wax-resist printed on plain weave', 'Gift of Vlisco', 'Abstract design of bulbs filled with irregular dots, terminating in spiral arabesques on a background of wavy lines. Printed in maroon, yellow and orange on an off-white ground.', NULL),
('68268317', 'Textile, Belle d''Afrique collection, August 2007, 2007', '2007', 'Medium: 100% cotton\nTechnique: wax-resist printed on plain weave', 'Gift of Vlisco', 'Circles with radiating lines. Printed in dark brown on an off-white ground, with glaze?', NULL),
('68268319', 'Textile, Change Your Life, 1956', '1956', 'Medium: 100% cotton\nTechnique: wax-resist printed on plain weave', 'Gift of Vlisco', 'Wavy lines with dots. Printed in indigo and hot pink on a white ground.', NULL),
('68268323', 'Textile, Fly-Tox, 1999', '1999', 'Medium: 100% cotton\nTechnique: wax-resist printed on plain weave', 'Gift of Vlisco', 'Hands spraying aerosol cans on a background of small dots. Printed in brown, blue and purple on an off-white ground.', NULL),
('68268325', 'Textile (Netherlands), 2009', '2009', 'Medium: 100% cotton\nTechnique: wax-resist printed on plain weave', 'Gift of Vlisco', 'Pipes and faucets. Printed in brown, ochre and purple on an off-white ground.', NULL),
('68268327', 'Textile (Netherlands), 2009', '2009', 'Medium: 100% cotton\nTechnique: wax-resist printed on plain weave', 'Gift of Vlisco', 'Pipes and faucets. Printed in indigo and brick red on an off-white ground.', NULL),
('68268333', 'Poster, Street Scene, 2012', '2012', 'Screenprint on paper', 'Gift of Philippe Apeloig', 'Large, white letters spelling "STREET SCENE" are folded into a staggered, staircase formation, which extends diagonally from the poster''s lower right corner to its left edge. The letters seem to be three-dimensional, and their placement gives the black background the appearance of depth. Above them. the word "châtelet" is broken into three vertical rows in small white type. To the right, two narrow columns of smaller white text give details about the opera. White text in the top right reads "Un opera americain de Kurt Weill."', NULL),
('68268335', 'Poster, Bruits du monde [Noises of the world], 2012', '2012', 'Screenprint on paper', 'Gift of Philippe Apeloig', 'Staggered, smeared black letters on light blue ground read "bruits du monde." The letters are rotated in different directions. "Fête du livre" (book festival) is printed in smaller white text above the word "monde."', NULL),
('68268345', 'Sidewall, Drywall #1, 2013', '2013', 'Inkjet print on nylon reinforced paper', 'Gift of Urs Fischer', 'Photographically captured panel of drywall or sheetrock marked with graphite and prepped with joint compound, one of a series of ten different panels.', 'Wallpaper frequently imitates luxe materials. In the 20th century, wallpaper began imitating more common surfaces as a cost-effective measure, but it remains unusual for wallpaper to imitate a lesser material. Although drywall is used in the construction of most buildings, it is normally covered by surfacing materials deemed more appropriate to a finished interior.'),
('68268349', 'Sidewall, Drywall #2, 2013', '2013', 'Inkjet print on nylon reinforced paper', 'Gift of Urs Fischer', 'Photographically captured panel of drywall or sheetrock marked with graphite and prepped with joint compound, one of a series of ten different panels.', NULL),
('68268353', 'Sidewall, Drywall #3, 2013', '2013', 'Inkjet print on nylon reinforced paper', 'Gift of Urs Fischer', 'Photographically captured panel of drywall or sheetrock marked with graphite and prepped with joint compound, one of a series of ten different panels.', NULL),
('68268359', 'Sidewall, Drywall #4, 2013', '2013', 'Inkjet print on nylon reinforced paper', 'Gift of Urs Fischer', 'Photographically captured panel of drywall or sheetrock marked with graphite and prepped with joint compound, one of a series of ten different panels.', NULL),
('68268363', 'Sidewall, Drywall #5, 2013', '2013', 'Inkjet print on nylon reinforced paper', 'Gift of Urs Fischer', 'Photographically captured panel of drywall or sheetrock marked with graphite and prepped with joint compound, one of a series of ten different panels.', NULL),
('68268367', 'Sidewall, Drywall #6, 2013', '2013', 'Inkjet print on nylon reinforced paper', 'Gift of Urs Fischer', 'Photographically captured panel of drywall or sheetrock marked with graphite and prepped with joint compound, one of a series of ten different panels.', NULL),
('68268371', 'Sidewall, Drywall #7, 2013', '2013', 'Inkjet print on nylon reinforced paper', 'Gift of Urs Fischer', 'Photographically captured panel of drywall or sheetrock marked with graphite and prepped with joint compound, one of a series of ten different panels.', NULL),
('68268377', 'Sidewall, Drywall #8, 2013', '2013', 'Inkjet print on nylon reinforced paper', 'Gift of Urs Fischer', 'Photographically captured panel of drywall or sheetrock marked with graphite and prepped with joint compound, one of a series of ten different panels.', NULL),
('68268381', 'Sidewall, Drywall #9, 2013', '2013', 'Inkjet print on nylon reinforced paper', 'Gift of Urs Fischer', 'Photographically captured panel of drywall or sheetrock marked with graphite and prepped with joint compound, one of a series of ten different panels.', NULL),
('68268385', 'Sidewall, Drywall #10, 2013', '2013', 'Inkjet print on nylon reinforced paper', 'Gift of Urs Fischer', 'Photographically captured panel of drywall or sheetrock marked with graphite and prepped with joint compound, one of a series of ten different panels.', NULL),
('68268395', 'Salver, Ecuelle And Cover (Germany), ca. 1725', 'ca. 1725', 'Gilt silver', 'Gift of the Estate of James Hazen Hyde', 'Lobed oval salver (-17), on scrolled feet, with four-lobed relief medallions of the Four Continents; engraved decoration.', NULL),
('68268397', 'Necklace, ca. 1830', 'ca. 1830', 'Seed pearls, mother-of-pearl, gold, fiber', 'Gift of the estate and in memory of Robert B. Noyes', 'Eight sunburst-ornaments of seed pearls connected by strings and chains of seed pearls with a gold claps.  Accompanied by a box designed to hold the set.', NULL);

--
-- Dumping data for table `image`
--

INSERT INTO `image` (`image_id`, `image_res`, `chObject_id`, `is_primary`, `height`, `width`, `url`) VALUES
('22726', 'b', '68268395', '0', 761, 1024, 'https://images.collection.cooperhewitt.org/22726_a00aec163624a84b_b.jpg'),
('22726', 'd', '68268395', '0', 238, 320, 'https://images.collection.cooperhewitt.org/22726_a00aec163624a84b_d.gif'),
('22726', 'n', '68268395', '0', 238, 320, 'https://images.collection.cooperhewitt.org/22726_a00aec163624a84b_n.jpg'),
('22726', 'sq', '68268395', '0', 300, 300, 'https://images.collection.cooperhewitt.org/22726_a00aec163624a84b_sq.jpg'),
('22726', 'z', '68268395', '0', 476, 640, 'https://images.collection.cooperhewitt.org/22726_a00aec163624a84b_z.jpg'),
('4249', 'b', '68268397', '1', 1024, 846, 'https://images.collection.cooperhewitt.org/4249_361c5a6095da4172_b.jpg'),
('4249', 'd', '68268397', '1', 320, 264, 'https://images.collection.cooperhewitt.org/4249_361c5a6095da4172_d.gif'),
('4249', 'n', '68268397', '1', 320, 264, 'https://images.collection.cooperhewitt.org/4249_361c5a6095da4172_n.jpg'),
('4249', 'sq', '68268397', '1', 300, 300, 'https://images.collection.cooperhewitt.org/4249_361c5a6095da4172_sq.jpg'),
('4249', 'z', '68268397', '1', 640, 529, 'https://images.collection.cooperhewitt.org/4249_361c5a6095da4172_z.jpg'),
('4250', 'b', '68268397', '0', 1024, 625, 'https://images.collection.cooperhewitt.org/4250_af84f62d3f64531e_b.jpg'),
('4250', 'd', '68268397', '0', 320, 195, 'https://images.collection.cooperhewitt.org/4250_af84f62d3f64531e_d.gif'),
('4250', 'n', '68268397', '0', 320, 195, 'https://images.collection.cooperhewitt.org/4250_af84f62d3f64531e_n.jpg'),
('4250', 'sq', '68268397', '0', 300, 300, 'https://images.collection.cooperhewitt.org/4250_af84f62d3f64531e_sq.jpg'),
('4250', 'z', '68268397', '0', 640, 391, 'https://images.collection.cooperhewitt.org/4250_af84f62d3f64531e_z.jpg'),
('44477', 'b', '68268395', '1', 1024, 1024, 'https://images.collection.cooperhewitt.org/44477_9f19d6ab6574ec4e_b.jpg'),
('44477', 'd', '68268395', '1', 320, 320, 'https://images.collection.cooperhewitt.org/44477_9f19d6ab6574ec4e_d.gif'),
('44477', 'n', '68268395', '1', 320, 320, 'https://images.collection.cooperhewitt.org/44477_9f19d6ab6574ec4e_n.jpg'),
('44477', 'sq', '68268395', '1', 300, 300, 'https://images.collection.cooperhewitt.org/44477_9f19d6ab6574ec4e_sq.jpg'),
('44477', 'z', '68268395', '1', 640, 640, 'https://images.collection.cooperhewitt.org/44477_9f19d6ab6574ec4e_z.jpg'),
('44478', 'b', '68268395', '0', 1024, 1024, 'https://images.collection.cooperhewitt.org/44478_b8302ca5233cf31b_b.jpg'),
('44478', 'd', '68268395', '0', 320, 320, 'https://images.collection.cooperhewitt.org/44478_b8302ca5233cf31b_d.gif'),
('44478', 'n', '68268395', '0', 320, 320, 'https://images.collection.cooperhewitt.org/44478_b8302ca5233cf31b_n.jpg'),
('44478', 'sq', '68268395', '0', 300, 300, 'https://images.collection.cooperhewitt.org/44478_b8302ca5233cf31b_sq.jpg'),
('44478', 'z', '68268395', '0', 640, 640, 'https://images.collection.cooperhewitt.org/44478_b8302ca5233cf31b_z.jpg'),
('44479', 'b', '68268395', '0', 1024, 1024, 'https://images.collection.cooperhewitt.org/44479_bffcb62f08fcdd63_b.jpg'),
('44479', 'd', '68268395', '0', 320, 320, 'https://images.collection.cooperhewitt.org/44479_bffcb62f08fcdd63_d.gif'),
('44479', 'n', '68268395', '0', 320, 320, 'https://images.collection.cooperhewitt.org/44479_bffcb62f08fcdd63_n.jpg'),
('44479', 'sq', '68268395', '0', 300, 300, 'https://images.collection.cooperhewitt.org/44479_bffcb62f08fcdd63_sq.jpg'),
('44479', 'z', '68268395', '0', 640, 640, 'https://images.collection.cooperhewitt.org/44479_bffcb62f08fcdd63_z.jpg'),
('93048', 'b', '68268345', '1', 1024, 504, 'https://images.collection.cooperhewitt.org/93048_1491d7c699886e8a_b.jpg'),
('93048', 'd', '68268345', '1', 320, 158, 'https://images.collection.cooperhewitt.org/93048_1491d7c699886e8a_d.gif'),
('93048', 'n', '68268345', '1', 320, 158, 'https://images.collection.cooperhewitt.org/93048_1491d7c699886e8a_n.jpg'),
('93048', 'sq', '68268345', '1', 300, 300, 'https://images.collection.cooperhewitt.org/93048_1491d7c699886e8a_sq.jpg'),
('93048', 'z', '68268345', '1', 640, 315, 'https://images.collection.cooperhewitt.org/93048_1491d7c699886e8a_z.jpg'),
('93049', 'b', '68268349', '1', 1024, 501, 'https://images.collection.cooperhewitt.org/93049_445f9e2094132fc0_b.jpg'),
('93049', 'd', '68268349', '1', 320, 157, 'https://images.collection.cooperhewitt.org/93049_445f9e2094132fc0_d.gif'),
('93049', 'n', '68268349', '1', 320, 157, 'https://images.collection.cooperhewitt.org/93049_445f9e2094132fc0_n.jpg'),
('93049', 'sq', '68268349', '1', 300, 300, 'https://images.collection.cooperhewitt.org/93049_445f9e2094132fc0_sq.jpg'),
('93049', 'z', '68268349', '1', 640, 313, 'https://images.collection.cooperhewitt.org/93049_445f9e2094132fc0_z.jpg'),
('93050', 'b', '68268353', '1', 1024, 501, 'https://images.collection.cooperhewitt.org/93050_377175dd5c603564_b.jpg'),
('93050', 'd', '68268353', '1', 320, 157, 'https://images.collection.cooperhewitt.org/93050_377175dd5c603564_d.gif'),
('93050', 'n', '68268353', '1', 320, 157, 'https://images.collection.cooperhewitt.org/93050_377175dd5c603564_n.jpg'),
('93050', 'sq', '68268353', '1', 300, 300, 'https://images.collection.cooperhewitt.org/93050_377175dd5c603564_sq.jpg'),
('93050', 'z', '68268353', '1', 640, 313, 'https://images.collection.cooperhewitt.org/93050_377175dd5c603564_z.jpg'),
('93051', 'b', '68268359', '1', 1024, 503, 'https://images.collection.cooperhewitt.org/93051_9ba9d6c195cd8696_b.jpg'),
('93051', 'd', '68268359', '1', 320, 157, 'https://images.collection.cooperhewitt.org/93051_9ba9d6c195cd8696_d.gif'),
('93051', 'n', '68268359', '1', 320, 157, 'https://images.collection.cooperhewitt.org/93051_9ba9d6c195cd8696_n.jpg'),
('93051', 'sq', '68268359', '1', 300, 300, 'https://images.collection.cooperhewitt.org/93051_9ba9d6c195cd8696_sq.jpg'),
('93051', 'z', '68268359', '1', 640, 314, 'https://images.collection.cooperhewitt.org/93051_9ba9d6c195cd8696_z.jpg'),
('93052', 'b', '68268363', '1', 1024, 505, 'https://images.collection.cooperhewitt.org/93052_071bfc29a51ae432_b.jpg'),
('93052', 'd', '68268363', '1', 320, 158, 'https://images.collection.cooperhewitt.org/93052_071bfc29a51ae432_d.gif'),
('93052', 'n', '68268363', '1', 320, 158, 'https://images.collection.cooperhewitt.org/93052_071bfc29a51ae432_n.jpg'),
('93052', 'sq', '68268363', '1', 300, 300, 'https://images.collection.cooperhewitt.org/93052_071bfc29a51ae432_sq.jpg'),
('93052', 'z', '68268363', '1', 640, 316, 'https://images.collection.cooperhewitt.org/93052_071bfc29a51ae432_z.jpg'),
('93053', 'b', '68268367', '1', 1024, 506, 'https://images.collection.cooperhewitt.org/93053_1d49e5dd93d5bc6d_b.jpg'),
('93053', 'd', '68268367', '1', 320, 158, 'https://images.collection.cooperhewitt.org/93053_1d49e5dd93d5bc6d_d.gif'),
('93053', 'n', '68268367', '1', 320, 158, 'https://images.collection.cooperhewitt.org/93053_1d49e5dd93d5bc6d_n.jpg'),
('93053', 'sq', '68268367', '1', 300, 300, 'https://images.collection.cooperhewitt.org/93053_1d49e5dd93d5bc6d_sq.jpg'),
('93053', 'z', '68268367', '1', 640, 316, 'https://images.collection.cooperhewitt.org/93053_1d49e5dd93d5bc6d_z.jpg'),
('93054', 'b', '68268371', '1', 1024, 506, 'https://images.collection.cooperhewitt.org/93054_bf0afd7924e85c12_b.jpg'),
('93054', 'd', '68268371', '1', 320, 158, 'https://images.collection.cooperhewitt.org/93054_bf0afd7924e85c12_d.gif'),
('93054', 'n', '68268371', '1', 320, 158, 'https://images.collection.cooperhewitt.org/93054_bf0afd7924e85c12_n.jpg'),
('93054', 'sq', '68268371', '1', 300, 300, 'https://images.collection.cooperhewitt.org/93054_bf0afd7924e85c12_sq.jpg'),
('93054', 'z', '68268371', '1', 640, 316, 'https://images.collection.cooperhewitt.org/93054_bf0afd7924e85c12_z.jpg'),
('93055', 'b', '68268377', '1', 1024, 497, 'https://images.collection.cooperhewitt.org/93055_312f8d90dc1d6c3a_b.jpg'),
('93055', 'd', '68268377', '1', 320, 155, 'https://images.collection.cooperhewitt.org/93055_312f8d90dc1d6c3a_d.gif'),
('93055', 'n', '68268377', '1', 320, 155, 'https://images.collection.cooperhewitt.org/93055_312f8d90dc1d6c3a_n.jpg'),
('93055', 'sq', '68268377', '1', 300, 300, 'https://images.collection.cooperhewitt.org/93055_312f8d90dc1d6c3a_sq.jpg'),
('93055', 'z', '68268377', '1', 640, 311, 'https://images.collection.cooperhewitt.org/93055_312f8d90dc1d6c3a_z.jpg'),
('93056', 'b', '68268381', '1', 1024, 503, 'https://images.collection.cooperhewitt.org/93056_a7f6d2398253ab55_b.jpg'),
('93056', 'd', '68268381', '1', 320, 157, 'https://images.collection.cooperhewitt.org/93056_a7f6d2398253ab55_d.gif'),
('93056', 'n', '68268381', '1', 320, 157, 'https://images.collection.cooperhewitt.org/93056_a7f6d2398253ab55_n.jpg'),
('93056', 'sq', '68268381', '1', 300, 300, 'https://images.collection.cooperhewitt.org/93056_a7f6d2398253ab55_sq.jpg'),
('93056', 'z', '68268381', '1', 640, 314, 'https://images.collection.cooperhewitt.org/93056_a7f6d2398253ab55_z.jpg'),
('93057', 'b', '68268385', '1', 1024, 503, 'https://images.collection.cooperhewitt.org/93057_c6a471b712bc3d89_b.jpg'),
('93057', 'd', '68268385', '1', 320, 157, 'https://images.collection.cooperhewitt.org/93057_c6a471b712bc3d89_d.gif'),
('93057', 'n', '68268385', '1', 320, 157, 'https://images.collection.cooperhewitt.org/93057_c6a471b712bc3d89_n.jpg'),
('93057', 'sq', '68268385', '1', 300, 300, 'https://images.collection.cooperhewitt.org/93057_c6a471b712bc3d89_sq.jpg'),
('93057', 'z', '68268385', '1', 640, 314, 'https://images.collection.cooperhewitt.org/93057_c6a471b712bc3d89_z.jpg'),
('95683', 'b', '68268335', '1', 1024, 707, 'https://images.collection.cooperhewitt.org/95683_6ce5b92970a54094_b.jpg'),
('95683', 'd', '68268335', '1', 320, 221, 'https://images.collection.cooperhewitt.org/95683_6ce5b92970a54094_d.gif'),
('95683', 'n', '68268335', '1', 320, 221, 'https://images.collection.cooperhewitt.org/95683_6ce5b92970a54094_n.jpg'),
('95683', 'sq', '68268335', '1', 300, 300, 'https://images.collection.cooperhewitt.org/95683_6ce5b92970a54094_sq.jpg'),
('95683', 'z', '68268335', '1', 640, 442, 'https://images.collection.cooperhewitt.org/95683_6ce5b92970a54094_z.jpg'),
('95689', 'b', '68268333', '1', 1024, 682, 'https://images.collection.cooperhewitt.org/95689_267a6d45d584b722_b.jpg'),
('95689', 'd', '68268333', '1', 320, 213, 'https://images.collection.cooperhewitt.org/95689_267a6d45d584b722_d.gif'),
('95689', 'n', '68268333', '1', 320, 213, 'https://images.collection.cooperhewitt.org/95689_267a6d45d584b722_n.jpg'),
('95689', 'sq', '68268333', '1', 300, 300, 'https://images.collection.cooperhewitt.org/95689_267a6d45d584b722_sq.jpg'),
('95689', 'z', '68268333', '1', 640, 426, 'https://images.collection.cooperhewitt.org/95689_267a6d45d584b722_z.jpg');

--
-- Dumping data for table `participant`
--

INSERT INTO `participant` (`person_id`, `person_name`, `person_date`, `person_url`) VALUES
('18049369', 'Estate of James Hazen Hyde', '', 'http://collection.cooperhewitt.org/people/18049369/'),
('18059811', 'Johann Erhard Heuglin II', '1757', 'http://collection.cooperhewitt.org/people/18059811/'),
('18537777', 'R. Keith Kane', '', 'http://collection.cooperhewitt.org/people/18537777/'),
('35459765', 'Philippe Apeloig', 'French, b. 1962', 'http://collection.cooperhewitt.org/people/35459765/'),
('68263859', 'Vlisco', '', 'http://collection.cooperhewitt.org/people/68263859/'),
('68263897', 'Nico Verbart', 'Dutch, b. 1953', 'http://collection.cooperhewitt.org/people/68263897/'),
('68263909', 'Marjo Penninx', '', 'http://collection.cooperhewitt.org/people/68263909/'),
('68263913', 'Jac Poppeliers', '', 'http://collection.cooperhewitt.org/people/68263913/'),
('68263915', 'Marjan de Groot', '', 'http://collection.cooperhewitt.org/people/68263915/'),
('68263917', 'Jac van Hoof', '', 'http://collection.cooperhewitt.org/people/68263917/'),
('68263919', 'Jan Mollemans', '', 'http://collection.cooperhewitt.org/people/68263919/'),
('68263923', 'Antoon van Duppen', '', 'http://collection.cooperhewitt.org/people/68263923/'),
('68263925', 'Misja van Daal', '', 'http://collection.cooperhewitt.org/people/68263925/'),
('68263927', 'Constance Giard', '', 'http://collection.cooperhewitt.org/people/68263927/'),
('68263937', 'Henk Schellenkens', '', 'http://collection.cooperhewitt.org/people/68263937/'),
('68264071', 'Urs Fischer', 'Swiss, active USA, b. 1973', 'http://collection.cooperhewitt.org/people/68264071/'),
('68775393', 'Théâtre du Châtelet', 'Paris, France', 'http://collection.cooperhewitt.org/people/68775393/'),
('68775401', 'Cité du Livre', 'Aix-en-Provence, France', 'http://collection.cooperhewitt.org/people/68775401/');

--
-- Dumping data for table `participation`
--

INSERT INTO `participation` (`chObject_id`, `participant_id`, `role_id`) VALUES
(68268301, 68263859, 35236657),
(68268301, 68263909, 35236655),
(68268305, 68263859, 35236657),
(68268305, 68263913, 35236655),
(68268307, 68263859, 35236657),
(68268307, 68263897, 35236655),
(68268309, 68263859, 35236657),
(68268309, 68263915, 35236655),
(68268311, 68263859, 35236657),
(68268311, 68263917, 35236655),
(68268313, 68263859, 35236657),
(68268313, 68263919, 35236655),
(68268315, 68263859, 35236657),
(68268315, 68263909, 35236655),
(68268317, 68263859, 35236657),
(68268317, 68263937, 35236655),
(68268319, 68263859, 35236657),
(68268319, 68263923, 35236655),
(68268323, 68263859, 35236657),
(68268323, 68263925, 35236655),
(68268325, 68263859, 35236657),
(68268325, 68263927, 35236655),
(68268327, 68263859, 35236657),
(68268327, 68263927, 35236655),
(68268333, 35459765, 35236655),
(68268333, 35459765, 35351535),
(68268333, 68775393, 35236667),
(68268335, 35459765, 35236655),
(68268335, 35459765, 35351535),
(68268335, 68775401, 35236667),
(68268345, 68264071, 35236565),
(68268345, 68264071, 35351535),
(68268349, 68264071, 35236655),
(68268349, 68264071, 35351535),
(68268353, 68264071, 35236655),
(68268353, 68264071, 35351535),
(68268359, 68264071, 35236655),
(68268359, 68264071, 35351535),
(68268363, 68264071, 35236655),
(68268363, 68264071, 35351535),
(68268367, 68264071, 35236655),
(68268367, 68264071, 35351535),
(68268371, 68264071, 35236655),
(68268371, 68264071, 35351535),
(68268377, 68264071, 35236655),
(68268377, 68264071, 35351535),
(68268381, 68264071, 35236655),
(68268381, 68264071, 35351535),
(68268385, 68264071, 35236655),
(68268385, 68264071, 35351535),
(68268395, 18049369, 35351535),
(68268395, 18059811, 35236565),
(68268397, 18537777, 35351535);

--
-- Dumping data for table `role`
--

INSERT INTO `role` (`role_id`, `role_name`, `role_display_name`, `role_url`) VALUES
('35236565', 'Artist', '', 'http://collection.cooperhewitt.org/roles/35236565/'),
('35236655', 'Designer', 'Designed by', 'http://collection.cooperhewitt.org/roles/35236655/'),
('35236657', 'Manufacturer', 'Manufactured by', 'http://collection.cooperhewitt.org/roles/35236657/'),
('35236667', 'Client', 'Client:', 'http://collection.cooperhewitt.org/roles/35236667/'),
('35351535', 'Donor', 'Donated by', 'http://collection.cooperhewitt.org/roles/35351535/');

/*!40101 SET CHARACTER_SET_CLIENT=@OLD_CHARACTER_SET_CLIENT */;
/*!40101 SET CHARACTER_SET_RESULTS=@OLD_CHARACTER_SET_RESULTS */;
/*!40101 SET COLLATION_CONNECTION=@OLD_COLLATION_CONNECTION */;
